22-06-13,16-10-31,16-10-31_33e71be3-eb1a-11ec-9f97-28dfeb6a105c.jpg,['HHZ DE1433']
22-06-13,16-11-58,16-11-58_68120f6a-eb1a-11ec-83b8-28dfeb6a105c.jpg,['unreadable']
22-06-13,16-12-06,16-12-06_6c95e7c9-eb1a-11ec-b9c0-28dfeb6a105c.jpg,['MHIZDE1433']
22-06-13,16-13-10,16-13-10_92ac7c28-eb1a-11ec-b1c3-28dfeb6a105c.jpg,['SA0335c0']
22-06-13,16-14-50,16-14-50_ce7a0336-eb1a-11ec-8f91-28dfeb6a105c.jpg,['TVoooo7']
22-06-13,16-15-33,16-15-33_e803e626-eb1a-11ec-8755-28dfeb6a105c.jpg,['BLe654BP']
22-06-13,16-16-03,16-16-03_f9c7fe5a-eb1a-11ec-95d6-28dfeb6a105c.jpg,['BLO654BP']
22-06-13,16-17-10,16-17-10_21d5e421-eb1b-11ec-8829-28dfeb6a105c.jpg,['unreadable']
22-06-13,16-18-22,16-18-22_4cc1e3e5-eb1b-11ec-b051-28dfeb6a105c.jpg,['IB O1ERU']
22-06-13,16-19-01,16-19-01_63b919c7-eb1b-11ec-a208-28dfeb6a105c.jpg,['unreadable']
22-06-13,16-20-03,16-20-03_88a4c348-eb1b-11ec-aff4-28dfeb6a105c.jpg,['unreadable']
22-06-13,16-21-00,16-21-00_aaf5fc9d-eb1b-11ec-b27e-28dfeb6a105c.jpg,['VLB88LEX']
22-06-13,16-22-09,16-22-09_d43b25fc-eb1b-11ec-9f4c-28dfeb6a105c.jpg,['VL8B8LEX']
22-06-13,16-23-49,16-23-49_0fb8cc70-eb1c-11ec-b536-28dfeb6a105c.jpg,['B 123 VUM']
22-06-13,16-24-30,16-24-30_2808571b-eb1c-11ec-b954-28dfeb6a105c.jpg,['B 123 VUL']
22-06-13,16-25-02,16-25-02_3b507ca2-eb1c-11ec-820c-28dfeb6a105c.jpg,['MHILWOW']
22-06-13,16-26-06,16-26-06_6129d5c9-eb1c-11ec-99af-28dfeb6a105c.jpg,['BOLERU']
22-06-13,16-27-05,16-27-05_8485e8a7-eb1c-11ec-8d4d-28dfeb6a105c.jpg,['BO1ERU']
22-06-13,16-28-13,16-28-13_acf4d21a-eb1c-11ec-8ae5-28dfeb6a105c.jpg,['unreadable']
22-06-13,16-29-08,16-29-08_cda6f7c9-eb1c-11ec-84c7-28dfeb6a105c.jpg,['B147093']
22-06-13,16-30-43,16-30-43_065a112a-eb1d-11ec-97e2-28dfeb6a105c.jpg,['3147093']
22-06-13,16-31-12,16-31-12_1770a8b1-eb1d-11ec-93ba-28dfeb6a105c.jpg,['B LOLERRE']
22-06-13,16-32-01,16-32-01_34dc3713-eb1d-11ec-9402-28dfeb6a105c.jpg,['RSL ARO']
22-06-13,16-33-00,16-33-00_5818b5e2-eb1d-11ec-a76c-28dfeb6a105c.jpg,['8 244 ARO']
22-06-13,16-34-07,16-34-07_7fcc5275-eb1d-11ec-a561-28dfeb6a105c.jpg,['AR 99KTA']
22-06-13,16-35-00,16-35-00_9f7a5508-eb1d-11ec-9b52-28dfeb6a105c.jpg,['AR 99KTA']
22-06-13,16-36-15,16-36-15_cc172eff-eb1d-11ec-9eeb-28dfeb6a105c.jpg,"[""CT 26FAN'""]"
22-06-13,16-37-01,16-37-01_e7f18b99-eb1d-11ec-b834-28dfeb6a105c.jpg,['PHZBAR']
22-06-13,16-38-00,16-38-00_0af6226f-eb1e-11ec-a8d2-28dfeb6a105c.jpg,['BC 64TEC']
22-06-13,16-39-14,16-39-14_36a5a0f6-eb1e-11ec-90fb-28dfeb6a105c.jpg,['unreadable']
22-06-13,16-40-37,16-40-37_68683470-eb1e-11ec-a776-28dfeb6a105c.jpg,['unreadable']
22-06-13,16-41-13,16-41-13_7da15c1c-eb1e-11ec-8188-28dfeb6a105c.jpg,['SV 13CBC']
22-06-13,18-07-26,18-07-26_898443f4-eb2a-11ec-8478-28dfeb6a105c.jpg,['unreadable']
22-06-13,18-08-22,18-08-22_aa9d33a8-eb2a-11ec-a68d-28dfeb6a105c.jpg,['SV 13CBC']
22-06-13,18-09-02,18-09-02_c266376e-eb2a-11ec-8d2a-28dfeb6a105c.jpg,['SV 13CBC']
22-06-13,18-10-34,18-10-34_f95622cb-eb2a-11ec-ba92-28dfeb6a105c.jpg,['GR 43LOR']
22-06-13,18-11-10,18-11-10_0ed6bbeb-eb2b-11ec-a7f8-28dfeb6a105c.jpg,['BH 75YKU']
22-06-13,18-12-00,18-12-00_2c4a089c-eb2b-11ec-ad8d-28dfeb6a105c.jpg,['BH Z5YKU']
22-06-13,18-13-06,18-13-06_53e6c9a4-eb2b-11ec-9d35-28dfeb6a105c.jpg,['PH LORST']
22-06-13,18-14-12,18-14-12_7affa86f-eb2b-11ec-8167-28dfeb6a105c.jpg,['PH LORST']
22-06-13,18-15-08,18-15-08_9cd0d18d-eb2b-11ec-a94d-28dfeb6a105c.jpg,['D035q1]']
22-06-13,18-16-26,18-16-26_cb4dd16f-eb2b-11ec-9bea-28dfeb6a105c.jpg,['DJ 035013']
22-06-13,18-17-08,18-17-08_e3f732ce-eb2b-11ec-86ad-28dfeb6a105c.jpg,['DJ 035013']
22-06-13,18-18-43,18-18-43_1d03596a-eb2c-11ec-bc66-28dfeb6a105c.jpg,['CJ 9OGRM']
22-06-13,18-19-26,18-19-26_362ff29f-eb2c-11ec-8e26-28dfeb6a105c.jpg,['AG 76 MSE']
22-06-13,18-20-37,18-20-37_60dd2abf-eb2c-11ec-be51-28dfeb6a105c.jpg,['BH 16 RGH']
22-06-13,18-21-03,18-21-03_70485534-eb2c-11ec-9526-28dfeb6a105c.jpg,['BH 16 RGH']
22-06-13,18-22-04,18-22-04_94b20419-eb2c-11ec-ab52-28dfeb6a105c.jpg,['BBJLGDV']
22-06-13,18-23-50,18-23-50_d3a6db26-eb2c-11ec-8628-28dfeb6a105c.jpg,['DB073518']
22-06-13,18-24-05,18-24-05_dc7ed410-eb2c-11ec-b27d-28dfeb6a105c.jpg,['DB073518']
22-06-13,18-25-16,18-25-16_06c19873-eb2d-11ec-bc7a-28dfeb6a105c.jpg,['DB073518']
22-06-13,18-26-06,18-26-06_24c2292d-eb2d-11ec-b59c-28dfeb6a105c.jpg,['DB073518']
