22-06-12,02-51-53,02-51-53_784130f6-e9e1-11ec-ae9e-28dfeb6a105c.jpg,['HHIZ DE1433']
22-06-12,02-52-14,02-52-14_84b717fd-e9e1-11ec-80ed-28dfeb6a105c.jpg,['unreadable']
22-06-12,02-52-17,02-52-17_865661cf-e9e1-11ec-96c2-28dfeb6a105c.jpg,['SAe335CC']
22-06-12,02-52-21,02-52-21_89243159-e9e1-11ec-a8b3-28dfeb6a105c.jpg,['Teooodz']
22-06-12,02-52-23,02-52-23_8a5a8897-e9e1-11ec-ad4c-28dfeb6a105c.jpg,['I900oo7']
22-06-12,02-52-27,02-52-27_8c901c99-e9e1-11ec-952e-28dfeb6a105c.jpg,['Veooooz']
22-06-12,02-52-29,02-52-29_8ddb5008-e9e1-11ec-ab83-28dfeb6a105c.jpg,['Ieoooo7']
22-06-12,02-52-31,02-52-31_8f0081cb-e9e1-11ec-b09e-28dfeb6a105c.jpg,['TVooooo7']
22-06-12,02-53-06,02-53-06_a3d91759-e9e1-11ec-aa88-28dfeb6a105c.jpg,['BLP65ZBPI']
22-06-12,02-53-10,02-53-10_a64135c2-e9e1-11ec-bffe-28dfeb6a105c.jpg,['BLP65LBP']
22-06-12,02-53-12,02-53-12_a77b36ff-e9e1-11ec-923c-28dfeb6a105c.jpg,['BLO654BP']
22-06-12,02-53-14,02-53-14_a8a45f8c-e9e1-11ec-af86-28dfeb6a105c.jpg,['unreadable']
22-06-12,02-53-16,02-53-16_a9cdda1a-e9e1-11ec-b0b9-28dfeb6a105c.jpg,['BLO654BPI']
22-06-12,02-53-36,02-53-36_b55c6d45-e9e1-11ec-9b16-28dfeb6a105c.jpg,['unreadable']
22-06-12,02-53-59,02-53-59_c330122f-e9e1-11ec-8028-28dfeb6a105c.jpg,['unreadable']
22-06-12,02-54-06,02-54-06_c7accace-e9e1-11ec-9204-28dfeb6a105c.jpg,['B OTERU']
22-06-12,02-54-14,02-54-14_cc1285cd-e9e1-11ec-9c4a-28dfeb6a105c.jpg,['unreadable']
22-06-12,02-54-16,02-54-16_cd79ed78-e9e1-11ec-a201-28dfeb6a105c.jpg,['OIERU']
22-06-12,02-54-20,02-54-20_cfb61d78-e9e1-11ec-a1c3-28dfeb6a105c.jpg,['unreadable']
22-06-12,02-54-22,02-54-22_d0d84131-e9e1-11ec-9cee-28dfeb6a105c.jpg,['BOERU']
22-06-12,03-18-12,03-18-12_2524c1cc-e9e5-11ec-ad83-28dfeb6a105c.jpg,['unreadable']
22-06-12,03-24-02,03-24-02_f5d9e77e-e9e5-11ec-bc2d-28dfeb6a105c.jpg,['B O1RY']
22-06-12,03-24-06,03-24-06_f80df915-e9e5-11ec-8646-28dfeb6a105c.jpg,['B O1Ry']
22-06-12,03-24-16,03-24-16_fe5eb4bb-e9e5-11ec-b7e6-28dfeb6a105c.jpg,['GOIHRU']
22-06-12,03-24-29,03-24-29_05d2ace1-e9e6-11ec-abec-28dfeb6a105c.jpg,['B O1ERU']
22-06-12,13-36-39,13-36-39_8af8b191-ea3b-11ec-ba80-28dfeb6a105c.jpg,['MHIZ DE143']
22-06-12,13-36-50,13-36-50_91a1ce12-ea3b-11ec-b0a9-28dfeb6a105c.jpg,['HIZ DE1433']
22-06-12,13-37-59,13-37-59_bac1c907-ea3b-11ec-9258-28dfeb6a105c.jpg,['BLO654BP']
22-06-12,13-38-01,13-38-01_bbea8c9f-ea3b-11ec-b5de-28dfeb6a105c.jpg,['unreadable']
22-06-12,13-38-03,13-38-03_bd0fe2a7-ea3b-11ec-88c6-28dfeb6a105c.jpg,['BLP654BP']
22-06-12,13-38-05,13-38-05_be36231a-ea3b-11ec-ad39-28dfeb6a105c.jpg,['BLP654BP']
22-06-12,13-38-07,13-38-07_bf5cf9e4-ea3b-11ec-8243-28dfeb6a105c.jpg,['BLO65LBP']
22-06-12,13-38-09,13-38-09_c09ae070-ea3b-11ec-b67e-28dfeb6a105c.jpg,['BLE654BP']
22-06-12,13-38-11,13-38-11_c1d47a8b-ea3b-11ec-87ec-28dfeb6a105c.jpg,['BLO654BP']
22-06-12,13-38-13,13-38-13_c312b3a3-ea3b-11ec-9773-28dfeb6a105c.jpg,['BLO654BP']
22-06-12,13-38-19,13-38-19_c66f8000-ea3b-11ec-9331-28dfeb6a105c.jpg,['PROfrl']
22-06-12,13-38-21,13-38-21_c792d0b1-ea3b-11ec-a224-28dfeb6a105c.jpg,['BOIERU']
22-06-12,13-38-23,13-38-23_c8b7e9f5-ea3b-11ec-a30a-28dfeb6a105c.jpg,['B O1ERU']
22-06-12,13-38-28,13-38-28_cb9a0e2b-ea3b-11ec-b354-28dfeb6a105c.jpg,['BOIERU']
22-06-12,13-38-37,13-38-37_d1452ae6-ea3b-11ec-9fcf-28dfeb6a105c.jpg,['unreadable']
22-06-12,13-38-54,13-38-54_db18e1df-ea3b-11ec-8916-28dfeb6a105c.jpg,['unreadable']
