22-06-13,16-10-31,16-10-31_33e71be3-eb1a-11ec-9f97-28dfeb6a105c.jpg,['HHZ DE1433']
22-06-13,16-11-58,16-11-58_68120f6a-eb1a-11ec-83b8-28dfeb6a105c.jpg,['unreadable']
22-06-13,16-12-06,16-12-06_6c95e7c9-eb1a-11ec-b9c0-28dfeb6a105c.jpg,['unreadable']
22-06-13,16-12-12,16-12-12_7029cdb9-eb1a-11ec-a2fb-28dfeb6a105c.jpg,['unreadable']
22-06-13,16-12-14,16-12-14_7194c0d1-eb1a-11ec-9c01-28dfeb6a105c.jpg,['MHIZDE1433']
22-06-13,16-12-18,16-12-18_73f831f1-eb1a-11ec-9df2-28dfeb6a105c.jpg,['unreadable']
22-06-13,16-12-21,16-12-21_7564065d-eb1a-11ec-b4d1-28dfeb6a105c.jpg,['MHIZdE1433']
22-06-13,16-12-25,16-12-25_782782e1-eb1a-11ec-bf2e-28dfeb6a105c.jpg,['NHIZ DE1433']
22-06-13,16-12-28,16-12-28_797392fa-eb1a-11ec-ae89-28dfeb6a105c.jpg,['unreadable']
22-06-13,16-12-30,16-12-30_7ac384a4-eb1a-11ec-bdbb-28dfeb6a105c.jpg,['NHIZ DE1433']
22-06-13,16-12-32,16-12-32_7c5dabfe-eb1a-11ec-afb5-28dfeb6a105c.jpg,['HHIZDE1433']
22-06-13,16-12-35,16-12-35_7dad46c9-eb1a-11ec-9540-28dfeb6a105c.jpg,['NKIzDE1433']
22-06-13,16-12-37,16-12-37_7eebc731-eb1a-11ec-b11d-28dfeb6a105c.jpg,['NHIZDE1433']
22-06-13,16-12-39,16-12-39_8032ca3a-eb1a-11ec-999d-28dfeb6a105c.jpg,['unreadable']
22-06-13,16-12-41,16-12-41_816ea537-eb1a-11ec-bd2a-28dfeb6a105c.jpg,['MHI2 DE1433']
22-06-13,16-12-43,16-12-43_82af1aa2-eb1a-11ec-a1b8-28dfeb6a105c.jpg,['MHIZDE1433']
22-06-13,16-12-45,16-12-45_83efbc3f-eb1a-11ec-a8ae-28dfeb6a105c.jpg,['unreadable']
22-06-13,16-12-49,16-12-49_8662ce44-eb1a-11ec-82e1-28dfeb6a105c.jpg,['MHZ DE1433']
22-06-13,16-12-52,16-12-52_87d2703d-eb1a-11ec-a144-28dfeb6a105c.jpg,['unreadable']
22-06-13,16-12-58,16-12-58_8b9a9c05-eb1a-11ec-a50c-28dfeb6a105c.jpg,['unreadable']
22-06-13,16-13-10,16-13-10_92ac7c28-eb1a-11ec-b1c3-28dfeb6a105c.jpg,['unreadable']
22-06-13,16-13-12,16-13-12_93fadcfc-eb1a-11ec-b1a0-28dfeb6a105c.jpg,['unreadable']
22-06-13,16-13-25,16-13-25_9b932c89-eb1a-11ec-ba4c-28dfeb6a105c.jpg,['335C0']
22-06-13,16-13-34,16-13-34_a103b6c5-eb1a-11ec-a4c4-28dfeb6a105c.jpg,['SA0335c0']
22-06-13,16-13-36,16-13-36_a26937f8-eb1a-11ec-907d-28dfeb6a105c.jpg,['unreadable']
22-06-13,16-13-39,16-13-39_a3e4899e-eb1a-11ec-975e-28dfeb6a105c.jpg,['unreadable']
22-06-13,16-13-49,16-13-49_a9da1ab6-eb1a-11ec-be9f-28dfeb6a105c.jpg,['SA0335c0']
22-06-13,16-14-13,16-14-13_b880bfe0-eb1a-11ec-8c78-28dfeb6a105c.jpg,['[oooodz']
22-06-13,16-14-50,16-14-50_ce7a0336-eb1a-11ec-8f91-28dfeb6a105c.jpg,['TVeooo7']
22-06-13,16-14-53,16-14-53_cffc3cd9-eb1a-11ec-9628-28dfeb6a105c.jpg,['TVooooo7z']
22-06-13,16-15-33,16-15-33_e803e626-eb1a-11ec-8755-28dfeb6a105c.jpg,['unreadable']
22-06-13,16-15-36,16-15-36_e983506a-eb1a-11ec-a470-28dfeb6a105c.jpg,['BLP654BP']
22-06-13,16-15-38,16-15-38_eb21d847-eb1a-11ec-a275-28dfeb6a105c.jpg,['BLe654BF']
22-06-13,16-15-43,16-15-43_ee1dfb9c-eb1a-11ec-b86d-28dfeb6a105c.jpg,['BLO65GBP']
22-06-13,16-15-46,16-15-46_ef8aa8f3-eb1a-11ec-b59c-28dfeb6a105c.jpg,['unreadable']
22-06-13,16-15-48,16-15-48_f0fef6b2-eb1a-11ec-a440-28dfeb6a105c.jpg,['BL e654BP']
22-06-13,16-15-55,16-15-55_f5003a77-eb1a-11ec-b840-28dfeb6a105c.jpg,['BLe65GBP']
22-06-13,16-16-00,16-16-00_f8217652-eb1a-11ec-a945-28dfeb6a105c.jpg,['BLP6SLBPI']
22-06-13,16-16-03,16-16-03_f9c7fe5a-eb1a-11ec-95d6-28dfeb6a105c.jpg,['unreadable']
22-06-13,16-16-05,16-16-05_fb195cef-eb1a-11ec-85e9-28dfeb6a105c.jpg,['BLO654BPI']
22-06-13,16-16-23,16-16-23_057ff5ce-eb1b-11ec-9c98-28dfeb6a105c.jpg,['unreadable']
22-06-13,16-16-58,16-16-58_1ad20a48-eb1b-11ec-b938-28dfeb6a105c.jpg,['BLO654BP']
22-06-13,16-17-10,16-17-10_21d5e421-eb1b-11ec-8829-28dfeb6a105c.jpg,['unreadable']
22-06-13,16-18-22,16-18-22_4cc1e3e5-eb1b-11ec-b051-28dfeb6a105c.jpg,['unreadable']
22-06-13,16-18-55,16-18-55_60166eba-eb1b-11ec-9722-28dfeb6a105c.jpg,['IB O1ERU']
22-06-13,16-18-57,16-18-57_61475969-eb1b-11ec-a129-28dfeb6a105c.jpg,['unreadable']
22-06-13,16-18-59,16-18-59_627f8461-eb1b-11ec-bdd7-28dfeb6a105c.jpg,['B O1ERU']
22-06-13,16-19-01,16-19-01_63b919c7-eb1b-11ec-a208-28dfeb6a105c.jpg,['unreadable']
22-06-13,16-20-03,16-20-03_88a4c348-eb1b-11ec-aff4-28dfeb6a105c.jpg,['unreadable']
22-06-13,16-21-00,16-21-00_aaf5fc9d-eb1b-11ec-b27e-28dfeb6a105c.jpg,['unreadable']
22-06-13,16-21-05,16-21-05_add0d9c5-eb1b-11ec-ab6e-28dfeb6a105c.jpg,['VL8331 FY']
22-06-13,16-21-10,16-21-10_b09b99ca-eb1b-11ec-8918-28dfeb6a105c.jpg,['unreadable']
22-06-13,16-21-13,16-21-13_b2d41c49-eb1b-11ec-8ed4-28dfeb6a105c.jpg,['unreadable']
22-06-13,16-21-21,16-21-21_b717dc99-eb1b-11ec-b98c-28dfeb6a105c.jpg,['VL888LEX']
22-06-13,16-21-23,16-21-23_b88db4d2-eb1b-11ec-9d1d-28dfeb6a105c.jpg,['VL888LEX']
22-06-13,16-21-28,16-21-28_bb45eadd-eb1b-11ec-9952-28dfeb6a105c.jpg,['VLB88LEX']
22-06-13,16-21-32,16-21-32_be02ab5e-eb1b-11ec-93d0-28dfeb6a105c.jpg,['VL888LEX']
22-06-13,16-21-35,16-21-35_bfd1d29f-eb1b-11ec-95e6-28dfeb6a105c.jpg,['VL888LEX']
22-06-13,16-21-38,16-21-38_c13cea1a-eb1b-11ec-bf35-28dfeb6a105c.jpg,['VL888LEX']
22-06-13,16-21-52,16-21-52_ca0cf69d-eb1b-11ec-8bb0-28dfeb6a105c.jpg,['unreadable']
22-06-13,16-21-55,16-21-55_cb6ee457-eb1b-11ec-a46d-28dfeb6a105c.jpg,['unreadable']
22-06-13,16-21-57,16-21-57_ccdf6b96-eb1b-11ec-9b9a-28dfeb6a105c.jpg,['VL8881 Fv']
22-06-13,16-22-00,16-22-00_ce60be02-eb1b-11ec-8e5d-28dfeb6a105c.jpg,['VL8881 Fv']
22-06-13,16-22-09,16-22-09_d43b25fc-eb1b-11ec-9f4c-28dfeb6a105c.jpg,['VL8B8LEX']
22-06-13,16-22-12,16-22-12_d5b89b81-eb1b-11ec-ab94-28dfeb6a105c.jpg,['unreadable']
22-06-13,16-22-14,16-22-14_d745fc9b-eb1b-11ec-b0a7-28dfeb6a105c.jpg,['VLBB8LEX']
22-06-13,16-22-17,16-22-17_d8be8a70-eb1b-11ec-9465-28dfeb6a105c.jpg,['VL888LFY']
22-06-13,16-22-22,16-22-22_db8d85dc-eb1b-11ec-81a1-28dfeb6a105c.jpg,['VLBB8LEX']
22-06-13,16-22-32,16-22-32_e1a2de97-eb1b-11ec-b0c7-28dfeb6a105c.jpg,['VL888LFY']
22-06-13,16-23-16,16-23-16_fbcb350e-eb1b-11ec-94fc-28dfeb6a105c.jpg,['B 123 VUN']
22-06-13,16-23-49,16-23-49_0fb8cc70-eb1c-11ec-b536-28dfeb6a105c.jpg,['B 123 VUM']
22-06-13,16-23-58,16-23-58_14f9efbf-eb1c-11ec-b550-28dfeb6a105c.jpg,['B 123 VUM']
22-06-13,16-24-14,16-24-14_1ec30542-eb1c-11ec-b8b6-28dfeb6a105c.jpg,['B 123 VUL']
22-06-13,16-24-30,16-24-30_2808571b-eb1c-11ec-b954-28dfeb6a105c.jpg,['B 123 VUM']
22-06-13,16-24-35,16-24-35_2abdbfe9-eb1c-11ec-966a-28dfeb6a105c.jpg,['B 123 VUM']
22-06-13,16-24-39,16-24-39_2d33e55f-eb1c-11ec-8444-28dfeb6a105c.jpg,['B 123 VUM']
22-06-13,16-24-42,16-24-42_2f78b0fd-eb1c-11ec-8a5d-28dfeb6a105c.jpg,['B 123 VUM']
22-06-13,16-24-48,16-24-48_32850cac-eb1c-11ec-ae1f-28dfeb6a105c.jpg,['B123 VUM']
22-06-13,16-24-50,16-24-50_33b3e6ee-eb1c-11ec-9ab7-28dfeb6a105c.jpg,['unreadable']
22-06-13,16-24-56,16-24-56_3762cee7-eb1c-11ec-89d7-28dfeb6a105c.jpg,['MHIOW']
22-06-13,16-25-02,16-25-02_3b507ca2-eb1c-11ec-820c-28dfeb6a105c.jpg,['unreadable']
22-06-13,16-25-09,16-25-09_3f17e753-eb1c-11ec-9d95-28dfeb6a105c.jpg,['unreadable']
22-06-13,16-25-23,16-25-23_47a0e06d-eb1c-11ec-a983-28dfeb6a105c.jpg,['unreadable']
22-06-13,16-25-25,16-25-25_4915407f-eb1c-11ec-8567-28dfeb6a105c.jpg,['MH 1LWOW']
22-06-13,16-25-28,16-25-28_4a92af51-eb1c-11ec-be81-28dfeb6a105c.jpg,['unreadable']
22-06-13,16-25-35,16-25-35_4e90a2ce-eb1c-11ec-b506-28dfeb6a105c.jpg,['unreadable']
22-06-13,16-25-41,16-25-41_5286ab7d-eb1c-11ec-a12a-28dfeb6a105c.jpg,['unreadable']
22-06-13,16-25-46,16-25-46_55448ed2-eb1c-11ec-abb9-28dfeb6a105c.jpg,['unreadable']
22-06-13,16-25-50,16-25-50_57fa651c-eb1c-11ec-ae72-28dfeb6a105c.jpg,['unreadable']
22-06-13,16-25-53,16-25-53_596d358c-eb1c-11ec-9072-28dfeb6a105c.jpg,['MHILWOW']
22-06-13,16-25-55,16-25-55_5af6ecdb-eb1c-11ec-8ea7-28dfeb6a105c.jpg,['unreadable']
22-06-13,16-25-58,16-25-58_5c570847-eb1c-11ec-9867-28dfeb6a105c.jpg,['unreadable']
22-06-13,16-26-00,16-26-00_5deec12d-eb1c-11ec-a11d-28dfeb6a105c.jpg,['MIOL']
22-06-13,16-26-06,16-26-06_6129d5c9-eb1c-11ec-99af-28dfeb6a105c.jpg,['unreadable']
22-06-13,16-26-08,16-26-08_6299421d-eb1c-11ec-86db-28dfeb6a105c.jpg,['unreadable']
22-06-13,16-26-11,16-26-11_64023f2f-eb1c-11ec-92ad-28dfeb6a105c.jpg,['MILWOW']
22-06-13,16-26-13,16-26-13_658973a1-eb1c-11ec-8b06-28dfeb6a105c.jpg,['unreadable']
22-06-13,16-26-15,16-26-15_66d6cf44-eb1c-11ec-aa30-28dfeb6a105c.jpg,['unreadable']
22-06-13,16-26-21,16-26-21_6a6e73cf-eb1c-11ec-9ea2-28dfeb6a105c.jpg,['BO1ERU']
22-06-13,16-26-50,16-26-50_7b9e6458-eb1c-11ec-9861-28dfeb6a105c.jpg,['BOIRU']
22-06-13,16-26-58,16-26-58_802f203d-eb1c-11ec-b8bb-28dfeb6a105c.jpg,['unreadable']
22-06-13,16-27-05,16-27-05_8485e8a7-eb1c-11ec-8d4d-28dfeb6a105c.jpg,['unreadable']
22-06-13,16-27-22,16-27-22_8e5899ef-eb1c-11ec-a52a-28dfeb6a105c.jpg,['unreadable']
22-06-13,16-27-24,16-27-24_8fe0bbaa-eb1c-11ec-9dd0-28dfeb6a105c.jpg,['unreadable']
22-06-13,16-27-27,16-27-27_9151f60e-eb1c-11ec-97f8-28dfeb6a105c.jpg,['unreadable']
22-06-13,16-27-48,16-27-48_9e1d527f-eb1c-11ec-9033-28dfeb6a105c.jpg,['BO1ERU']
22-06-13,16-28-13,16-28-13_acf4d21a-eb1c-11ec-8ae5-28dfeb6a105c.jpg,['unreadable']
22-06-13,16-28-29,16-28-29_b63d4a0e-eb1c-11ec-bada-28dfeb6a105c.jpg,['unreadable']
22-06-13,16-29-08,16-29-08_cda6f7c9-eb1c-11ec-84c7-28dfeb6a105c.jpg,['B147093']
22-06-13,16-29-10,16-29-10_cef3fa3b-eb1c-11ec-931f-28dfeb6a105c.jpg,['B147093']
22-06-13,16-29-12,16-29-12_d04af129-eb1c-11ec-b4cc-28dfeb6a105c.jpg,['B1147093']
22-06-13,16-29-14,16-29-14_d192f7da-eb1c-11ec-b485-28dfeb6a105c.jpg,['B147093']
22-06-13,16-29-17,16-29-17_d2df96cf-eb1c-11ec-a77d-28dfeb6a105c.jpg,['B147093']
22-06-13,16-29-21,16-29-21_d563b140-eb1c-11ec-b22b-28dfeb6a105c.jpg,['R17o=']
22-06-13,16-29-40,16-29-40_e0eec88b-eb1c-11ec-8fe7-28dfeb6a105c.jpg,['B147093']
22-06-13,16-29-46,16-29-46_e41dfd32-eb1c-11ec-9f16-28dfeb6a105c.jpg,['B147093']
22-06-13,16-29-54,16-29-54_e95f0e87-eb1c-11ec-aabb-28dfeb6a105c.jpg,['B147093']
22-06-13,16-30-00,16-30-00_ecabbc4b-eb1c-11ec-9975-28dfeb6a105c.jpg,['3147093']
22-06-13,16-30-06,16-30-06_f08d090a-eb1c-11ec-bb51-28dfeb6a105c.jpg,['B147093']
22-06-13,16-30-43,16-30-43_065a112a-eb1d-11ec-97e2-28dfeb6a105c.jpg,['unreadable']
22-06-13,16-30-47,16-30-47_08e6fe87-eb1d-11ec-b75c-28dfeb6a105c.jpg,['unreadable']
22-06-13,16-30-49,16-30-49_0a211df1-eb1d-11ec-8416-28dfeb6a105c.jpg,['unreadable']
22-06-13,16-30-51,16-30-51_0b600b98-eb1d-11ec-aacb-28dfeb6a105c.jpg,['unreadable']
22-06-13,16-30-56,16-30-56_0e280f88-eb1d-11ec-bcfb-28dfeb6a105c.jpg,['B LOLERR']
22-06-13,16-30-58,16-30-58_0f791413-eb1d-11ec-bca6-28dfeb6a105c.jpg,['unreadable']
22-06-13,16-31-01,16-31-01_10d233ad-eb1d-11ec-a510-28dfeb6a105c.jpg,['B LOL ERR']
22-06-13,16-31-03,16-31-03_122b90cd-eb1d-11ec-a3c7-28dfeb6a105c.jpg,['B LOLERRE']
22-06-13,16-31-12,16-31-12_1770a8b1-eb1d-11ec-93ba-28dfeb6a105c.jpg,['unreadable']
22-06-13,16-31-14,16-31-14_18c572bf-eb1d-11ec-bb77-28dfeb6a105c.jpg,['unreadable']
22-06-13,16-31-18,16-31-18_1b637ee2-eb1d-11ec-bfe6-28dfeb6a105c.jpg,['B LOLERR']
22-06-13,16-32-01,16-32-01_34dc3713-eb1d-11ec-9402-28dfeb6a105c.jpg,['unreadable']
22-06-13,16-32-04,16-32-04_36648a93-eb1d-11ec-8e20-28dfeb6a105c.jpg,['unreadable']
22-06-13,16-32-06,16-32-06_37e4cffe-eb1d-11ec-97b9-28dfeb6a105c.jpg,['NS 7LARA']
22-06-13,16-32-19,16-32-19_3faa9978-eb1d-11ec-83e4-28dfeb6a105c.jpg,['unreadable']
22-06-13,16-32-25,16-32-25_432b3133-eb1d-11ec-86c5-28dfeb6a105c.jpg,['unreadable']
22-06-13,16-32-44,16-32-44_4e9e9f1f-eb1d-11ec-b0b8-28dfeb6a105c.jpg,['unreadable']
22-06-13,16-32-53,16-32-53_53f4a78a-eb1d-11ec-8622-28dfeb6a105c.jpg,['RSL ARO']
22-06-13,16-33-00,16-33-00_5818b5e2-eb1d-11ec-a76c-28dfeb6a105c.jpg,['8 244 ARO']
22-06-13,16-33-03,16-33-03_5992d4dc-eb1d-11ec-b8aa-28dfeb6a105c.jpg,['B 244 ARO']
22-06-13,16-33-05,16-33-05_5b0c5851-eb1d-11ec-b395-28dfeb6a105c.jpg,['8 244 ARO']
22-06-13,16-33-07,16-33-07_5c7aa540-eb1d-11ec-bc10-28dfeb6a105c.jpg,['B 244 ARO']
22-06-13,16-33-32,16-33-32_6ade2861-eb1d-11ec-9996-28dfeb6a105c.jpg,['unreadable']
22-06-13,16-33-58,16-33-58_7a6d54a5-eb1d-11ec-bbe0-28dfeb6a105c.jpg,['AR 99 KTA']
22-06-13,16-34-00,16-34-00_7bbdef5f-eb1d-11ec-a365-28dfeb6a105c.jpg,['AR 99KT']
22-06-13,16-34-04,16-34-04_7e6fcff3-eb1d-11ec-a07b-28dfeb6a105c.jpg,['AR 99 KTA']
22-06-13,16-34-07,16-34-07_7fcc5275-eb1d-11ec-a561-28dfeb6a105c.jpg,['AR 99KTA']
22-06-13,16-34-09,16-34-09_8160b286-eb1d-11ec-aba4-28dfeb6a105c.jpg,['AR 99KTA']
22-06-13,16-34-16,16-34-16_8562012d-eb1d-11ec-ab3b-28dfeb6a105c.jpg,['AR 99KTA']
22-06-13,16-34-20,16-34-20_88003800-eb1d-11ec-ac0d-28dfeb6a105c.jpg,['unreadable']
22-06-13,16-34-23,16-34-23_89736ae1-eb1d-11ec-be46-28dfeb6a105c.jpg,['AR 99KTA']
22-06-13,16-34-25,16-34-25_8acd56dd-eb1d-11ec-8765-28dfeb6a105c.jpg,['AR 99 KTA']
22-06-13,16-34-36,16-34-36_914562cb-eb1d-11ec-8b41-28dfeb6a105c.jpg,['AR 99KTA']
22-06-13,16-34-38,16-34-38_92a4ed4b-eb1d-11ec-9a34-28dfeb6a105c.jpg,['AR 99 KTA']
22-06-13,16-34-41,16-34-41_93f0f92f-eb1d-11ec-bacb-28dfeb6a105c.jpg,['AR 99KTA']
22-06-13,16-34-47,16-34-47_97cce7fa-eb1d-11ec-a95b-28dfeb6a105c.jpg,['AR 99 KTA']
22-06-13,16-34-58,16-34-58_9e12d90a-eb1d-11ec-9b4d-28dfeb6a105c.jpg,['15 99KTA']
22-06-13,16-35-00,16-35-00_9f7a5508-eb1d-11ec-9b52-28dfeb6a105c.jpg,['AR 99KTA']
22-06-13,16-35-02,16-35-02_a0d6e144-eb1d-11ec-bd7f-28dfeb6a105c.jpg,['AR99 KTA']
22-06-13,16-35-04,16-35-04_a239ee16-eb1d-11ec-81e4-28dfeb6a105c.jpg,['AR 99KTA']
22-06-13,16-35-21,16-35-21_abdf6faf-eb1d-11ec-acdc-28dfeb6a105c.jpg,['AR 99 KTA']
22-06-13,16-35-23,16-35-23_ad375f2b-eb1d-11ec-afde-28dfeb6a105c.jpg,['AR 99 KTA']
22-06-13,16-35-34,16-35-34_b3b24961-eb1d-11ec-9147-28dfeb6a105c.jpg,['AR 99KTA']
22-06-13,16-35-53,16-35-53_bf23101c-eb1d-11ec-97db-28dfeb6a105c.jpg,['AR 99KTA']
22-06-13,16-36-15,16-36-15_cc172eff-eb1d-11ec-9eeb-28dfeb6a105c.jpg,['unreadable']
22-06-13,16-36-21,16-36-21_cfe7040e-eb1d-11ec-bab0-28dfeb6a105c.jpg,"[""CT 26FAN'""]"
22-06-13,16-36-49,16-36-49_e0c82e85-eb1d-11ec-98a4-28dfeb6a105c.jpg,['TCT 26FAN']
22-06-13,16-36-52,16-36-52_e21bab6d-eb1d-11ec-a11c-28dfeb6a105c.jpg,['CI 26FAN']
22-06-13,16-37-01,16-37-01_e7f18b99-eb1d-11ec-b834-28dfeb6a105c.jpg,['unreadable']
22-06-13,16-37-06,16-37-06_eac4c5a5-eb1d-11ec-aadb-28dfeb6a105c.jpg,['TCT26FAN']
22-06-13,16-37-13,16-37-13_eec092bf-eb1d-11ec-be78-28dfeb6a105c.jpg,['unreadable']
22-06-13,16-37-16,16-37-16_f0778da1-eb1d-11ec-917b-28dfeb6a105c.jpg,['unreadable']
22-06-13,16-37-18,16-37-18_f1d2ac02-eb1d-11ec-abe2-28dfeb6a105c.jpg,['unreadable']
22-06-13,16-37-25,16-37-25_f5c4d0dd-eb1d-11ec-b5db-28dfeb6a105c.jpg,['PHZEBAR']
22-06-13,16-37-33,16-37-33_fb076a87-eb1d-11ec-b936-28dfeb6a105c.jpg,['unreadable']
22-06-13,16-37-45,16-37-45_01a2d64d-eb1e-11ec-a244-28dfeb6a105c.jpg,['PHZBBAR']
22-06-13,16-37-49,16-37-49_045ce3d2-eb1e-11ec-9805-28dfeb6a105c.jpg,['PHZBAR']
22-06-13,16-38-00,16-38-00_0af6226f-eb1e-11ec-a8d2-28dfeb6a105c.jpg,['PHZBAR']
22-06-13,16-38-05,16-38-05_0d96f282-eb1e-11ec-b3f1-28dfeb6a105c.jpg,['PHZEAR']
22-06-13,16-38-07,16-38-07_0eecc0cd-eb1e-11ec-ac26-28dfeb6a105c.jpg,['PHZIBAR']
22-06-13,16-38-16,16-38-16_1421c6d1-eb1e-11ec-817c-28dfeb6a105c.jpg,['BC 641E0']
22-06-13,16-38-27,16-38-27_1ab70586-eb1e-11ec-b7fb-28dfeb6a105c.jpg,['unreadable']
22-06-13,16-38-32,16-38-32_1dd68f45-eb1e-11ec-964c-28dfeb6a105c.jpg,['BC 64TEC']
22-06-13,16-39-14,16-39-14_36a5a0f6-eb1e-11ec-90fb-28dfeb6a105c.jpg,['unreadable']
22-06-13,16-39-30,16-39-30_40722369-eb1e-11ec-b5c9-28dfeb6a105c.jpg,['unreadable']
22-06-13,16-40-37,16-40-37_68683470-eb1e-11ec-a776-28dfeb6a105c.jpg,['unreadable']
22-06-13,16-40-39,16-40-39_69df135a-eb1e-11ec-9790-28dfeb6a105c.jpg,['unreadable']
22-06-13,16-40-42,16-40-42_6b713641-eb1e-11ec-abe2-28dfeb6a105c.jpg,['unreadable']
22-06-13,16-40-44,16-40-44_6cd7063d-eb1e-11ec-bf3e-28dfeb6a105c.jpg,['unreadable']
22-06-13,16-40-49,16-40-49_6f816407-eb1e-11ec-9be2-28dfeb6a105c.jpg,['unreadable']
22-06-13,16-40-58,16-40-58_74bcce56-eb1e-11ec-ae64-28dfeb6a105c.jpg,['unreadable']
22-06-13,16-41-08,16-41-08_7ac74809-eb1e-11ec-b713-28dfeb6a105c.jpg,['unreadable']
22-06-13,16-41-10,16-41-10_7c3ad00c-eb1e-11ec-a9a3-28dfeb6a105c.jpg,['unreadable']
22-06-13,16-41-13,16-41-13_7da15c1c-eb1e-11ec-8188-28dfeb6a105c.jpg,['SV 13CBC']
22-06-13,16-41-22,16-41-22_8307ce4d-eb1e-11ec-9c41-28dfeb6a105c.jpg,['SV 13CBC']
22-06-13,16-41-31,16-41-31_887457a8-eb1e-11ec-9dcc-28dfeb6a105c.jpg,['SV 13CBC']
22-06-13,18-07-26,18-07-26_898443f4-eb2a-11ec-8478-28dfeb6a105c.jpg,['unreadable']
22-06-13,18-07-28,18-07-28_8aaaac29-eb2a-11ec-a56e-28dfeb6a105c.jpg,['unreadable']
22-06-13,18-07-33,18-07-33_8d674c78-eb2a-11ec-bddc-28dfeb6a105c.jpg,['unreadable']
22-06-13,18-07-44,18-07-44_942954f4-eb2a-11ec-b0ad-28dfeb6a105c.jpg,['unreadable']
22-06-13,18-07-48,18-07-48_96847605-eb2a-11ec-b388-28dfeb6a105c.jpg,['unreadable']
22-06-13,18-07-50,18-07-50_97b40002-eb2a-11ec-bfa1-28dfeb6a105c.jpg,['unreadable']
22-06-13,18-07-52,18-07-52_98ec2e21-eb2a-11ec-85a6-28dfeb6a105c.jpg,['unreadable']
22-06-13,18-07-58,18-07-58_9c5daf8f-eb2a-11ec-afd7-28dfeb6a105c.jpg,['unreadable']
22-06-13,18-08-22,18-08-22_aa9d33a8-eb2a-11ec-a68d-28dfeb6a105c.jpg,['unreadable']
22-06-13,18-08-24,18-08-24_abd0e54e-eb2a-11ec-bcf0-28dfeb6a105c.jpg,['unreadable']
22-06-13,18-08-26,18-08-26_ad074fb9-eb2a-11ec-b9c3-28dfeb6a105c.jpg,['unreadable']
22-06-13,18-08-32,18-08-32_b08e14fd-eb2a-11ec-80b0-28dfeb6a105c.jpg,['unreadable']
22-06-13,18-08-34,18-08-34_b1c5b6fc-eb2a-11ec-9f6c-28dfeb6a105c.jpg,['unreadable']
22-06-13,18-08-40,18-08-40_b5381a4f-eb2a-11ec-af97-28dfeb6a105c.jpg,['SV 13CBC']
22-06-13,18-08-44,18-08-44_b795a140-eb2a-11ec-a243-28dfeb6a105c.jpg,['unreadable']
22-06-13,18-08-51,18-08-51_bc2ec05b-eb2a-11ec-8f2f-28dfeb6a105c.jpg,['unreadable']
22-06-13,18-08-56,18-08-56_be9b2b42-eb2a-11ec-9148-28dfeb6a105c.jpg,['unreadable']
22-06-13,18-08-58,18-08-58_bfcef79a-eb2a-11ec-ab53-28dfeb6a105c.jpg,['SV 13CBC']
22-06-13,18-09-02,18-09-02_c266376e-eb2a-11ec-8d2a-28dfeb6a105c.jpg,['unreadable']
22-06-13,18-09-04,18-09-04_c3984434-eb2a-11ec-b78c-28dfeb6a105c.jpg,['SV 13CBC']
22-06-13,18-09-07,18-09-07_c57f0d24-eb2a-11ec-a949-28dfeb6a105c.jpg,['unreadable']
22-06-13,18-09-12,18-09-12_c83559fd-eb2a-11ec-aa45-28dfeb6a105c.jpg,['SV 13CBC]']
22-06-13,18-09-17,18-09-17_cb795942-eb2a-11ec-9c3f-28dfeb6a105c.jpg,['SVBCBC']
22-06-13,18-09-24,18-09-24_cf5c556e-eb2a-11ec-8e39-28dfeb6a105c.jpg,['SV 13CBC']
22-06-13,18-09-28,18-09-28_d1bdc8db-eb2a-11ec-bb02-28dfeb6a105c.jpg,['unreadable']
22-06-13,18-09-34,18-09-34_d53996c5-eb2a-11ec-b4e6-28dfeb6a105c.jpg,['unreadable']
22-06-13,18-09-36,18-09-36_d66f0cc0-eb2a-11ec-ba43-28dfeb6a105c.jpg,['unreadable']
22-06-13,18-09-38,18-09-38_d7a67298-eb2a-11ec-8750-28dfeb6a105c.jpg,['unreadable']
22-06-13,18-09-47,18-09-47_dd79d87b-eb2a-11ec-ab21-28dfeb6a105c.jpg,['unreadable']
22-06-13,18-09-55,18-09-55_e221d9c6-eb2a-11ec-a040-28dfeb6a105c.jpg,['SV 13CBC']
22-06-13,18-09-57,18-09-57_e3726606-eb2a-11ec-8c09-28dfeb6a105c.jpg,['unreadable']
22-06-13,18-09-59,18-09-59_e4a0c23e-eb2a-11ec-ab78-28dfeb6a105c.jpg,['unreadable']
22-06-13,18-10-14,18-10-14_ed409304-eb2a-11ec-81de-28dfeb6a105c.jpg,['GR BLOR']
22-06-13,18-10-34,18-10-34_f95622cb-eb2a-11ec-ba92-28dfeb6a105c.jpg,['GR BLOR']
22-06-13,18-10-51,18-10-51_034d8774-eb2b-11ec-8cf8-28dfeb6a105c.jpg,['unreadable']
22-06-13,18-10-55,18-10-55_05d05fdb-eb2b-11ec-bce2-28dfeb6a105c.jpg,['GR 4BLOR']
22-06-13,18-11-08,18-11-08_0d5c01d0-eb2b-11ec-8203-28dfeb6a105c.jpg,['BHISIU']
22-06-13,18-11-10,18-11-10_0ed6bbeb-eb2b-11ec-a7f8-28dfeb6a105c.jpg,['unreadable']
22-06-13,18-11-12,18-11-12_1006df2f-eb2b-11ec-b604-28dfeb6a105c.jpg,['unreadable']
22-06-13,18-11-15,18-11-15_11ef4e54-eb2b-11ec-9eee-28dfeb6a105c.jpg,['unreadable']
22-06-13,18-11-17,18-11-17_131cd08f-eb2b-11ec-8bf0-28dfeb6a105c.jpg,['unreadable']
22-06-13,18-11-30,18-11-30_1a9c2bde-eb2b-11ec-b199-28dfeb6a105c.jpg,['unreadable']
22-06-13,18-11-36,18-11-36_1e44d9b2-eb2b-11ec-9632-28dfeb6a105c.jpg,['unreadable']
22-06-13,18-11-40,18-11-40_20a2e795-eb2b-11ec-9698-28dfeb6a105c.jpg,['BH 75YKU']
22-06-13,18-11-42,18-11-42_21daccb6-eb2b-11ec-968c-28dfeb6a105c.jpg,['BH 75YKU']
22-06-13,18-12-00,18-12-00_2c4a089c-eb2b-11ec-ad8d-28dfeb6a105c.jpg,['unreadable']
22-06-13,18-12-02,18-12-02_2d90d03d-eb2b-11ec-8f0a-28dfeb6a105c.jpg,['unreadable']
22-06-13,18-12-09,18-12-09_3220d45f-eb2b-11ec-bf6b-28dfeb6a105c.jpg,['BH 75YKU']
22-06-13,18-12-12,18-12-12_33730adc-eb2b-11ec-801f-28dfeb6a105c.jpg,['75YKU']
22-06-13,18-12-14,18-12-14_34b33413-eb2b-11ec-a94f-28dfeb6a105c.jpg,['unreadable']
22-06-13,18-12-18,18-12-18_371e7d77-eb2b-11ec-98d0-28dfeb6a105c.jpg,['BH 75YKU']
22-06-13,18-12-22,18-12-22_39854d41-eb2b-11ec-9309-28dfeb6a105c.jpg,['BH 75YKU']
22-06-13,18-12-33,18-12-33_4018e70e-eb2b-11ec-88e8-28dfeb6a105c.jpg,['unreadable']
22-06-13,18-12-37,18-12-37_427b8ea7-eb2b-11ec-920e-28dfeb6a105c.jpg,['unreadable']
22-06-13,18-12-39,18-12-39_43b96d28-eb2b-11ec-937f-28dfeb6a105c.jpg,['unreadable']
22-06-13,18-12-43,18-12-43_463efdbf-eb2b-11ec-a19e-28dfeb6a105c.jpg,['BH ZSYKU']
22-06-13,18-12-45,18-12-45_477116b6-eb2b-11ec-acce-28dfeb6a105c.jpg,['BH Z5YKU']
22-06-13,18-12-47,18-12-47_48b2261b-eb2b-11ec-b6ca-28dfeb6a105c.jpg,['BH 75YKL']
22-06-13,18-12-53,18-12-53_4c6b81b8-eb2b-11ec-b3b1-28dfeb6a105c.jpg,['unreadable']
22-06-13,18-13-06,18-13-06_53e6c9a4-eb2b-11ec-9d35-28dfeb6a105c.jpg,['unreadable']
22-06-13,18-13-09,18-13-09_55e83bd5-eb2b-11ec-b538-28dfeb6a105c.jpg,['unreadable']
22-06-13,18-13-12,18-13-12_57a4454a-eb2b-11ec-9ba6-28dfeb6a105c.jpg,['unreadable']
22-06-13,18-13-32,18-13-32_6383fd8f-eb2b-11ec-8bfb-28dfeb6a105c.jpg,['unreadable']
22-06-13,18-13-36,18-13-36_657a481a-eb2b-11ec-8952-28dfeb6a105c.jpg,['PH LORST']
22-06-13,18-13-38,18-13-38_66d7a8af-eb2b-11ec-a2c1-28dfeb6a105c.jpg,['PH GORS']
22-06-13,18-13-44,18-13-44_6a81ee7a-eb2b-11ec-bc58-28dfeb6a105c.jpg,['PH LORST']
22-06-13,18-13-53,18-13-53_6fd07ba8-eb2b-11ec-a846-28dfeb6a105c.jpg,['PH LORST']
22-06-13,18-14-12,18-14-12_7affa86f-eb2b-11ec-8167-28dfeb6a105c.jpg,['PH LORST']
22-06-13,18-14-17,18-14-17_7e304f41-eb2b-11ec-b2fc-28dfeb6a105c.jpg,['PH LORST']
22-06-13,18-14-19,18-14-19_7f8ed33f-eb2b-11ec-8723-28dfeb6a105c.jpg,['PH LORST']
22-06-13,18-15-08,18-15-08_9cd0d18d-eb2b-11ec-a94d-28dfeb6a105c.jpg,['unreadable']
22-06-13,18-15-13,18-15-13_9f5d0bf4-eb2b-11ec-8d23-28dfeb6a105c.jpg,['unreadable']
22-06-13,18-15-15,18-15-15_a0a713d2-eb2b-11ec-9bc7-28dfeb6a105c.jpg,['unreadable']
22-06-13,18-15-17,18-15-17_a1f87510-eb2b-11ec-9301-28dfeb6a105c.jpg,['D035q1]']
22-06-13,18-15-50,18-15-50_b58a7015-eb2b-11ec-bda7-28dfeb6a105c.jpg,['unreadable']
22-06-13,18-15-52,18-15-52_b6d2b975-eb2b-11ec-9667-28dfeb6a105c.jpg,['unreadable']
22-06-13,18-15-57,18-15-57_ba044ee9-eb2b-11ec-b773-28dfeb6a105c.jpg,['unreadable']
22-06-13,18-16-04,18-16-04_bdca56db-eb2b-11ec-814c-28dfeb6a105c.jpg,['DJ 035013']
22-06-13,18-16-18,18-16-18_c6947c95-eb2b-11ec-9f6b-28dfeb6a105c.jpg,['DJ 035013']
22-06-13,18-16-26,18-16-26_cb4dd16f-eb2b-11ec-9bea-28dfeb6a105c.jpg,['unreadable']
22-06-13,18-16-31,18-16-31_cde05dd4-eb2b-11ec-858a-28dfeb6a105c.jpg,['unreadable']
22-06-13,18-16-33,18-16-33_cf3cec13-eb2b-11ec-880c-28dfeb6a105c.jpg,['unreadable']
22-06-13,18-16-35,18-16-35_d0854eed-eb2b-11ec-81a1-28dfeb6a105c.jpg,['unreadable']
22-06-13,18-16-37,18-16-37_d1caa014-eb2b-11ec-96bd-28dfeb6a105c.jpg,['DJ35022']
22-06-13,18-16-39,18-16-39_d31953b1-eb2b-11ec-b660-28dfeb6a105c.jpg,['0035013']
22-06-13,18-16-43,18-16-43_d4f8791d-eb2b-11ec-a5f4-28dfeb6a105c.jpg,['0J035013']
22-06-13,18-16-45,18-16-45_d64465bd-eb2b-11ec-a600-28dfeb6a105c.jpg,['DJ 035013']
22-06-13,18-16-52,18-16-52_da57fe82-eb2b-11ec-be61-28dfeb6a105c.jpg,['DJ035013']
22-06-13,18-16-54,18-16-54_dba25f0d-eb2b-11ec-b99f-28dfeb6a105c.jpg,['Dieor']
22-06-13,18-16-56,18-16-56_dcea3f42-eb2b-11ec-93d4-28dfeb6a105c.jpg,['DJ035013']
22-06-13,18-16-58,18-16-58_de240be9-eb2b-11ec-a2a0-28dfeb6a105c.jpg,['unreadable']
22-06-13,18-17-08,18-17-08_e3f732ce-eb2b-11ec-86ad-28dfeb6a105c.jpg,['unreadable']
22-06-13,18-17-16,18-17-16_e8d7af32-eb2b-11ec-a6b3-28dfeb6a105c.jpg,['DJ 035013']
22-06-13,18-17-18,18-17-18_ea24e8d0-eb2b-11ec-958e-28dfeb6a105c.jpg,['unreadable']
22-06-13,18-17-23,18-17-23_ed0a7ae1-eb2b-11ec-a306-28dfeb6a105c.jpg,['DJ 035013']
22-06-13,18-17-26,18-17-26_ee99ddf7-eb2b-11ec-8a8e-28dfeb6a105c.jpg,['DJ035013']
22-06-13,18-17-43,18-17-43_f8bc8f4b-eb2b-11ec-814d-28dfeb6a105c.jpg,['unreadable']
22-06-13,18-17-47,18-17-47_fb4cf60d-eb2b-11ec-b953-28dfeb6a105c.jpg,['unreadable']
22-06-13,18-17-51,18-17-51_fdc8ac96-eb2b-11ec-a8f1-28dfeb6a105c.jpg,['unreadable']
22-06-13,18-17-53,18-17-53_ff287b3c-eb2b-11ec-9700-28dfeb6a105c.jpg,['CJIOGRM']
22-06-13,18-17-56,18-17-56_00826d46-eb2c-11ec-902b-28dfeb6a105c.jpg,['CJ gOGRM']
22-06-13,18-17-58,18-17-58_01d16466-eb2c-11ec-94eb-28dfeb6a105c.jpg,['CJgOGRM']
22-06-13,18-18-43,18-18-43_1d03596a-eb2c-11ec-bc66-28dfeb6a105c.jpg,['unreadable']
22-06-13,18-18-46,18-18-46_1e5f3420-eb2c-11ec-a45c-28dfeb6a105c.jpg,['CJ 9OGRM']
22-06-13,18-19-26,18-19-26_362ff29f-eb2c-11ec-8e26-28dfeb6a105c.jpg,['AG 76 MSE']
22-06-13,18-20-37,18-20-37_60dd2abf-eb2c-11ec-be51-28dfeb6a105c.jpg,['unreadable']
22-06-13,18-20-40,18-20-40_626e5eba-eb2c-11ec-828a-28dfeb6a105c.jpg,['BH 16 RGH']
22-06-13,18-21-01,18-21-01_6ef90c0e-eb2c-11ec-b67f-28dfeb6a105c.jpg,['BH 16RGL']
22-06-13,18-21-03,18-21-03_70485534-eb2c-11ec-9526-28dfeb6a105c.jpg,['unreadable']
22-06-13,18-21-27,18-21-27_7eaf02da-eb2c-11ec-801e-28dfeb6a105c.jpg,['unreadable']
22-06-13,18-21-46,18-21-46_89d1b0b1-eb2c-11ec-8658-28dfeb6a105c.jpg,['BH 16 RGH']
22-06-13,18-21-51,18-21-51_8cba990f-eb2c-11ec-8a33-28dfeb6a105c.jpg,['BH 16 RGH']
22-06-13,18-22-04,18-22-04_94b20419-eb2c-11ec-ab52-28dfeb6a105c.jpg,['unreadable']
22-06-13,18-22-29,18-22-29_a32b7035-eb2c-11ec-b0ca-28dfeb6a105c.jpg,['BBJLGDV']
22-06-13,18-23-13,18-23-13_bdeceee3-eb2c-11ec-b7f1-28dfeb6a105c.jpg,['ROAB 77Cnv']
22-06-13,18-23-17,18-23-17_c040e70e-eb2c-11ec-92dc-28dfeb6a105c.jpg,['unreadable']
22-06-13,18-23-20,18-23-20_c1a53931-eb2c-11ec-a439-28dfeb6a105c.jpg,['AB 7LGDv']
22-06-13,18-23-22,18-23-22_c2e7b087-eb2c-11ec-8a5c-28dfeb6a105c.jpg,['AB 7LGDv']
22-06-13,18-23-24,18-23-24_c443b339-eb2c-11ec-9a48-28dfeb6a105c.jpg,['AB 74GD1']
22-06-13,18-23-47,18-23-47_d1ccde7f-eb2c-11ec-8fab-28dfeb6a105c.jpg,['unreadable']
22-06-13,18-23-50,18-23-50_d3a6db26-eb2c-11ec-8628-28dfeb6a105c.jpg,['DB073518']
22-06-13,18-23-55,18-23-55_d6c6d7a2-eb2c-11ec-8734-28dfeb6a105c.jpg,['DB073518']
22-06-13,18-23-58,18-23-58_d88dd9c6-eb2c-11ec-a17c-28dfeb6a105c.jpg,['DB073518']
22-06-13,18-24-00,18-24-00_d9f4d285-eb2c-11ec-a197-28dfeb6a105c.jpg,['0B073518']
22-06-13,18-24-05,18-24-05_dc7ed410-eb2c-11ec-b27d-28dfeb6a105c.jpg,['DB073518']
22-06-13,18-24-08,18-24-08_de2b6823-eb2c-11ec-9a3a-28dfeb6a105c.jpg,['pB073518']
22-06-13,18-24-10,18-24-10_df7199b6-eb2c-11ec-804d-28dfeb6a105c.jpg,['DB073518']
22-06-13,18-24-14,18-24-14_e20c6e5b-eb2c-11ec-90c9-28dfeb6a105c.jpg,['unreadable']
22-06-13,18-24-16,18-24-16_e356c7c4-eb2c-11ec-8e32-28dfeb6a105c.jpg,['unreadable']
22-06-13,18-24-18,18-24-18_e4a07405-eb2c-11ec-b08d-28dfeb6a105c.jpg,['unreadable']
22-06-13,18-24-20,18-24-20_e5e91daa-eb2c-11ec-b76b-28dfeb6a105c.jpg,['unreadable']
22-06-13,18-24-23,18-24-23_e751852a-eb2c-11ec-ad9d-28dfeb6a105c.jpg,['DB073518']
22-06-13,18-24-35,18-24-35_ee7ca636-eb2c-11ec-b764-28dfeb6a105c.jpg,['DB073518']
22-06-13,18-24-56,18-24-56_fafc70e7-eb2c-11ec-8c49-28dfeb6a105c.jpg,['DB073518']
22-06-13,18-24-58,18-24-58_fc5ed3e7-eb2c-11ec-a0be-28dfeb6a105c.jpg,['DB073518']
22-06-13,18-25-00,18-25-00_fd9dd3c3-eb2c-11ec-9794-28dfeb6a105c.jpg,['DB073518']
22-06-13,18-25-16,18-25-16_06c19873-eb2d-11ec-bc7a-28dfeb6a105c.jpg,['unreadable']
22-06-13,18-25-21,18-25-21_09e52abe-eb2d-11ec-8431-28dfeb6a105c.jpg,['unreadable']
22-06-13,18-25-23,18-25-23_0b357b84-eb2d-11ec-bb09-28dfeb6a105c.jpg,['unreadable']
22-06-13,18-25-26,18-25-26_0cdc9421-eb2d-11ec-a9b5-28dfeb6a105c.jpg,['unreadable']
22-06-13,18-25-31,18-25-31_0fdc8724-eb2d-11ec-8d53-28dfeb6a105c.jpg,['unreadable']
22-06-13,18-25-44,18-25-44_1762cc90-eb2d-11ec-86fe-28dfeb6a105c.jpg,['[DB073518]']
22-06-13,18-25-46,18-25-46_18a4a564-eb2d-11ec-a54c-28dfeb6a105c.jpg,['DB073518]']
22-06-13,18-25-48,18-25-48_19f108ec-eb2d-11ec-8b90-28dfeb6a105c.jpg,['DB073518']
22-06-13,18-25-50,18-25-50_1b50a4ff-eb2d-11ec-aac5-28dfeb6a105c.jpg,['DB073518']
22-06-13,18-25-53,18-25-53_1d3bb88a-eb2d-11ec-a2dd-28dfeb6a105c.jpg,['DB073518']
22-06-13,18-25-55,18-25-55_1e8313f0-eb2d-11ec-8775-28dfeb6a105c.jpg,['unreadable']
22-06-13,18-26-04,18-26-04_2351bfe7-eb2d-11ec-8dc2-28dfeb6a105c.jpg,['DB073518']
22-06-13,18-26-06,18-26-06_24c2292d-eb2d-11ec-b59c-28dfeb6a105c.jpg,['unreadable']
22-06-13,18-26-10,18-26-10_273bdb34-eb2d-11ec-982c-28dfeb6a105c.jpg,['unreadable']
